CREATE TABLE cafedra (id SERIAL PRIMARY KEY, cafedra_name varchar NOT NULL UNIQUE, dekanat_name varchar NOT NULL);
INSERT INTO cafedra (cafedra_name, dekanat_name) VALUES ('НТС', 'СиСС');
INSERT INTO cafedra (cafedra_name, dekanat_name) VALUES ('МТС', 'СиСС');
CREATE TABLE student_group (id SERIAL PRIMARY KEY, numb varchar NOT NULL UNIQUE, cafedra varchar REFERENCES cafedra(cafedra_name));
INSERT INTO student_group (numb, cafedra) VALUES ('БИК2225', 'НТС');
INSERT INTO student_group (numb, cafedra) VALUES ('БИК2226', 'НТС');
INSERT INTO student_group (numb, cafedra) VALUES ('БИН2201', 'МТС');
INSERT INTO student_group (numb, cafedra) VALUES ('БИН2202', 'МТС');
CREATE TABLE student (id SERIAL PRIMARY KEY, full_name varchar NOT NULL, passport varchar(10) NOT NULL, group_numb varchar REFERENCES student_group(numb));
INSERT INTO student (full_name, passport, group_numb) VALUES ('Донов Владимир Иванович', '4816900800', 'БИК2225');
INSERT INTO student (full_name, passport, group_numb) VALUES ('Арифметова Екатерина Романовна', '4817102523', 'БИК2225');
INSERT INTO student (full_name, passport, group_numb) VALUES ('Сидоров Артём Алексеевич', '4648256738', 'БИК2225');
INSERT INTO student (full_name, passport, group_numb) VALUES ('Петрова Инга Трофимовна', '4912345609', 'БИК2225');
INSERT INTO student (full_name, passport, group_numb) VALUES ('Безруков Сергей Витальевич', '4023251289', 'БИК2225');
INSERT INTO student (full_name, passport, group_numb) VALUES ('Жихарский Василий Анатольевич', '4349200400', 'БИК2226');
INSERT INTO student (full_name, passport, group_numb) VALUES ('Кожевникова Алина Викторовна', '4824300500', 'БИК2226');
INSERT INTO student (full_name, passport, group_numb) VALUES ('Железнёв Дмитрий Львович', '4516890568', 'БИК2226');
INSERT INTO student (full_name, passport, group_numb) VALUES ('Семёнова Маргарита Степановна', '4568412365', 'БИК2226');
INSERT INTO student (full_name, passport, group_numb) VALUES ('Иванов Иван Иванович', '4945632178', 'БИК2226');
INSERT INTO student (full_name, passport, group_numb) VALUES ('Зелёнов Казимир Игнатьевич', '4459678236', 'БИН2201');
INSERT INTO student (full_name, passport, group_numb) VALUES ('Холеньков Георгий Александрович', '4212365894', 'БИН2201');
INSERT INTO student (full_name, passport, group_numb) VALUES ('Ермаков Олег Русланович', '4785123649', 'БИН2201');
INSERT INTO student (full_name, passport, group_numb) VALUES ('Редькин Андрей Андреевич', '4289512152', 'БИН2201');
INSERT INTO student (full_name, passport, group_numb) VALUES ('Патрина Валерия Дмитриевна', '4632365414', 'БИН2201');
INSERT INTO student (full_name, passport, group_numb) VALUES ('Интересов Рафаэль Игоревич', '4789784515', 'БИН2202');
INSERT INTO student (full_name, passport, group_numb) VALUES ('Вилеева Анастасия Гавриловна', '4569874123', 'БИН2202');
INSERT INTO student (full_name, passport, group_numb) VALUES ('Тропиканов Алексей Трифонович', '4963215698', 'БИН2202');
INSERT INTO student (full_name, passport, group_numb) VALUES ('Тавридова Дарья Аркадьевна', '4456542873', 'БИН2202');
INSERT INTO student (full_name, passport, group_numb) VALUES ('Гарпунов Егор Тимурович', '4385126958', 'БИН2202');
